1. YEAR,2. TRIFD,3. FRS ID,4. FACILITY NAME,5. STREET ADDRESS,6. CITY,7. COUNTY,8. ST,9. ZIP,10. BIA,11. TRIBE,12. LATITUDE,13. LONGITUDE,14. HORIZONTAL DATUM,15. PARENT CO NAME,16. PARENT CO DB NUM,17. STANDARD PARENT CO NAME,18. FOREIGN PARENT CO NAME,19. FOREIGN PARENT CO DB NUM,20. STANDARD FOREIGN PARENT CO NAME,21. FEDERAL FACILITY,22. INDUSTRY SECTOR CODE,23. INDUSTRY SECTOR,24. PRIMARY SIC,25. SIC 2,26. SIC 3,27. SIC 4,28. SIC 5,29. SIC 6,30. PRIMARY NAICS,31. NAICS 2,32. NAICS 3,33. NAICS 4,34. NAICS 5,35. NAICS 6,36. DOC_CTRL_NUM,37. CHEMICAL,38. ELEMENTAL METAL INCLUDED,39. TRI CHEMICAL/COMPOUND ID,40. CAS#,41. SRS ID,42. CLEAN AIR ACT CHEMICAL,43. CLASSIFICATION,44. METAL,45. METAL CATEGORY,46. CARCINOGEN,47. PBT,48. PFAS,49. FORM TYPE,50. UNIT OF MEASURE,51. 5.1 - FUGITIVE AIR,52. 5.2 - STACK AIR,53. 5.3 - WATER,54. 5.4 - UNDERGROUND,55. 5.4.1 - UNDERGROUND CL I,56. 5.4.2 - UNDERGROUND C II-V,57. 5.5.1 - LANDFILLS,58. 5.5.1A - RCRA C LANDFILL,59. 5.5.1B - OTHER LANDFILLS,60. 5.5.2 - LAND TREATMENT,61. 5.5.3 - SURFACE IMPNDMNT,62. 5.5.3A - RCRA SURFACE IM,63. 5.5.3B - OTHER SURFACE I,64. 5.5.4 - OTHER DISPOSAL,65. ON-SITE RELEASE TOTAL,66. 6.1 - POTW - TRNS RLSE,67. 6.1 - POTW - TRNS TRT,68. POTW - TOTAL TRANSFERS,69. 6.2 - M10,70. 6.2 - M41,71. 6.2 - M62,72. 6.2 - M40 METAL,73. 6.2 - M61 METAL,74. 6.2 - M71,75. 6.2 - M81,76. 6.2 - M82,77. 6.2 - M72,78. 6.2 - M63,79. 6.2 - M66,80. 6.2 - M67,81. 6.2 - M64,82. 6.2 - M65,83. 6.2 - M73,84. 6.2 - M79,85. 6.2 - M90,86. 6.2 - M94,87. 6.2 - M99,88. OFF-SITE RELEASE TOTAL,89. 6.2 - M20,90. 6.2 - M24,91. 6.2 - M26,92. 6.2 - M28,93. 6.2 - M93,94. OFF-SITE RECYCLED TOTAL,95. 6.2 - M56,96. 6.2 - M92,97. OFF-SITE ENERGY RECOVERY T,98. 6.2 - M40 NON-METAL,99. 6.2 - M50,100. 6.2 - M54,101. 6.2 - M61 NON-METAL,102. 6.2 - M69,103. 6.2 - M95,104. OFF-SITE TREATED TOTAL,105. 6.2 - UNCLASSIFIED,106. 6.2 - TOTAL TRANSFER,107. TOTAL RELEASES,108. 8.1 - RELEASES,109. 8.1A - ON-SITE CONTAINED,110. 8.1B - ON-SITE OTHER,111. 8.1C - OFF-SITE CONTAIN,112. 8.1D - OFF-SITE OTHER R,113. 8.2 - ENERGY RECOVER ON,114. 8.3 - ENERGY RECOVER OF,115. 8.4 - RECYCLING ON SITE,116. 8.5 - RECYCLING OFF SIT,117. 8.6 - TREATMENT ON SITE,118. 8.7 - TREATMENT OFF SITE,119. PRODUCTION WSTE (8.1-8.7),120. 8.8 - ONE-TIME RELEASE,121. PROD_RATIO_OR_ ACTIVITY,122. 8.9 - PRODUCTION RATIO
2023,00821VRGNSESTAT,110000602866.0,VIRGIN ISLANDS WATER & POWER AUTHORITY,ESTATE RICHMOND,CHRISTIANSTED,ST. CROIX ISLAND,VI,821,,,17.750141,-64.714793,NAD83,VIRGIN ISLANDS WATER & POWER AUTHORITY,,VIRGIN ISLANDS WATER & POWER AUTHORITY,,,,NO,2211,Electric Utilities,,,,,,,221112,,,,,,1323222149205,"1,2,4-Trimethylbenzene",NO,0000095636,95-63-6,16261.0,NO,TRI,NO,Non_Metal,NO,NO,NO,R,Pounds,0.0,4.0,5.69,0.0,0.0,0.0,0.0,0.0,0.0,0.0,0.0,0.0,0.0,0.0,9.69,0.0,0.0,0.0,0.0,0.0,0.0,0.0,0.0,0.0,0.0,0.0,0.0,0.0,0.0,0.0,0.0,0.0,0.0,0.0,0.0,0.0,0.0,0.0,0.0,0.0,0.0,0.0,0.0,0.0,0.0,0.0,0.0,0.0,0.0,0.0,0.0,0.0,0.0,0.0,0.0,0.0,9.69,0.0,0.0,9.69,0.0,0.0,0.0,0.0,0.0,0.0,0.0,0.0,9.69,,PRODUCTION,1.08
2023,00804SSSTTCYRIL,110000918115.0,SAINT THOMAS BULK TERMINAL,CYRIL KING AIRPORT CARGO AREA,SAINT THOMAS,ST. THOMAS ISLAND,VI,802,,,18.336255,-64.967241,NAD83,,,TOTALENERGIES HOLDINGS USA INC,TOTALENERGIES MARKETING & SERVICES S.A.S.,,TOTALENERGIES MARKETING & SERVICES SAS,NO,4247,Petroleum Bulk Terminals,,,,,,,424710,,,,,,1323222122020,Methyl tert-butyl ether,NO,0001634044,1634-04-4,89870.0,YES,TRI,NO,Non_Metal,NO,NO,NO,R,Pounds,0.0,0.0,0.0,0.0,0.0,0.0,0.0,0.0,0.0,0.0,0.0,0.0,0.0,0.0,0.0,0.0,0.0,0.0,0.0,0.0,0.0,0.0,0.0,0.0,0.0,0.0,0.0,0.0,0.0,0.0,0.0,0.0,0.0,0.0,0.0,23.43,0.0,23.43,0.0,0.0,0.0,0.0,0.0,0.0,0.0,0.0,0.0,0.0,0.0,0.0,0.0,0.0,0.0,0.0,0.0,23.43,23.43,0.0,0.0,0.0,0.0,23.43,0.0,0.0,0.0,0.0,0.0,0.0,23.43,,ACTIVITY,0.01
2023,00821VRGNSESTAT,110000602866.0,VIRGIN ISLANDS WATER & POWER AUTHORITY,ESTATE RICHMOND,CHRISTIANSTED,ST. CROIX ISLAND,VI,821,,,17.750141,-64.714793,NAD83,VIRGIN ISLANDS WATER & POWER AUTHORITY,,VIRGIN ISLANDS WATER & POWER AUTHORITY,,,,NO,2211,Electric Utilities,,,,,,,221112,,,,,,1323222139065,Dioxin and dioxin-like compounds,NO,N150,N150,755371.0,YES,Dioxin,NO,Non_Metal,YES,YES,NO,R,Grams,0.0,0.054,0.0,0.0,0.0,0.0,0.0,0.0,0.0,0.0,0.0,0.0,0.0,0.0,0.054,0.0,0.0,0.0,0.0,0.0,0.0,0.0,0.0,0.0,0.0,0.0,0.0,0.0,0.0,0.0,0.0,0.0,0.0,0.0,0.0,0.0,0.0,0.0,0.0,0.0,0.0,0.0,0.0,0.0,0.0,0.0,0.0,0.0,0.0,0.0,0.0,0.0,0.0,0.0,0.0,0.0,0.054,0.0,0.0,0.054,0.0,0.0,0.0,0.0,0.0,0.0,0.0,0.0,0.054,,PRODUCTION,1.08
2023,00804SSSTTCYRIL,110000918115.0,SAINT THOMAS BULK TERMINAL,CYRIL KING AIRPORT CARGO AREA,SAINT THOMAS,ST. THOMAS ISLAND,VI,802,,,18.336255,-64.967241,NAD83,,,TOTALENERGIES HOLDINGS USA INC,TOTALENERGIES MARKETING & SERVICES S.A.S.,,TOTALENERGIES MARKETING & SERVICES SAS,NO,4247,Petroleum Bulk Terminals,,,,,,,424710,,,,,,1323222122095,Naphthalene,NO,0000091203,91-20-3,13326.0,YES,TRI,NO,Non_Metal,YES,NO,NO,R,Pounds,0.46,17.33,0.0,0.0,0.0,0.0,0.0,0.0,0.0,0.0,0.0,0.0,0.0,0.0,17.79,0.0,0.0,0.0,0.0,0.0,0.0,0.0,0.0,0.0,0.0,0.0,0.0,0.0,0.0,0.0,0.0,0.0,0.0,0.0,0.0,15.23,0.0,15.23,0.0,0.0,0.0,0.0,0.0,0.0,0.0,0.0,0.0,0.0,0.0,0.0,0.0,0.0,0.0,0.0,0.0,15.23,33.02,0.0,0.0,17.79,0.0,15.23,0.0,0.0,0.0,0.0,0.0,0.0,33.02,,ACTIVITY,0.31
2023,00821VRGNSESTAT,110000602866.0,VIRGIN ISLANDS WATER & POWER AUTHORITY,ESTATE RICHMOND,CHRISTIANSTED,ST. CROIX ISLAND,VI,821,,,17.750141,-64.714793,NAD83,VIRGIN ISLANDS WATER & POWER AUTHORITY,,VIRGIN ISLANDS WATER & POWER AUTHORITY,,,,NO,2211,Electric Utilities,,,,,,,221112,,,,,,1323222147377,Lead compounds,NO,N420,N420,650002.0,YES,PBT,YES,Metal complound categories,NO,YES,NO,R,Pounds,0.0,2.0,0.0,0.0,0.0,0.0,0.0,0.0,0.0,0.0,0.0,0.0,0.0,0.0,2.0,0.0,0.0,0.0,0.0,0.0,0.0,0.0,0.0,0.0,0.0,0.0,0.0,0.0,0.0,0.0,0.0,0.0,0.0,0.0,0.0,0.0,0.0,0.0,0.0,0.0,0.0,0.0,0.0,0.0,0.0,0.0,0.0,0.0,0.0,0.0,0.0,0.0,0.0,0.0,0.0,0.0,2.0,0.0,0.0,2.0,0.0,0.0,0.0,0.0,0.0,0.0,0.0,0.0,2.0,,PRODUCTION,1.08
2023,0082WLMTRB1ESTA,110071369563.0,LIMETREE BAY TERMINALS LLC DBA OCEAN POINT TERMINALS,1 ESTATE HOPE,CHRISTIANSTED,ST. CROIX ISLAND,VI,820,,,17.715055,-64.757335,NAD83,,,,,,,NO,4247,Petroleum Bulk Terminals,,,,,,,424710,,,,,,1323222304622,Ethylbenzene,NO,0000100414,100-41-4,19406.0,YES,TRI,NO,Non_Metal,YES,NO,NO,R,Pounds,204.7,6635.0,0.0,0.0,0.0,0.0,0.0,0.0,0.0,0.0,0.0,0.0,0.0,0.0,6839.7,0.0,0.0,0.0,0.0,0.0,0.0,0.0,0.0,0.0,0.0,0.0,0.0,0.0,0.0,0.0,0.0,0.0,0.0,0.0,0.0,0.0,0.0,0.0,0.0,0.0,0.0,0.0,0.0,0.0,1.81,0.0,1.81,0.0,570.0,0.0,0.0,0.0,0.0,570.0,0.0,571.81,6839.7,0.0,0.0,6837.7,0.0,0.0,0.0,1.81,8456.0,0.0,497.0,570.0,16362.51,2.0,PRODUCTION,1.57
2023,0082WLMTRB1ESTA,110071369563.0,LIMETREE BAY TERMINALS LLC DBA OCEAN POINT TERMINALS,1 ESTATE HOPE,CHRISTIANSTED,ST. CROIX ISLAND,VI,820,,,17.715055,-64.757335,NAD83,,,,,,,NO,4247,Petroleum Bulk Terminals,,,,,,,424710,,,,,,1323222306058,Cyclohexane,NO,0000110827,110-82-7,27003.0,NO,TRI,NO,Non_Metal,NO,NO,NO,R,Pounds,0.0,49489.0,0.0,0.0,0.0,0.0,0.0,0.0,0.0,0.0,0.0,0.0,0.0,0.0,49489.0,0.0,0.0,0.0,0.0,0.0,0.0,0.0,0.0,0.0,0.0,0.0,0.0,0.0,0.0,0.0,0.0,0.0,0.0,0.0,0.0,0.0,0.0,0.0,0.0,0.0,0.0,0.0,0.0,0.0,0.0,0.0,0.0,0.0,0.0,0.0,0.0,0.0,0.0,0.0,0.0,0.0,49489.0,0.0,0.0,49489.0,0.0,0.0,0.0,0.0,0.0,0.0,0.0,0.0,49489.0,,PRODUCTION,1.57
2023,00804SSSTTCYRIL,110000918115.0,SAINT THOMAS BULK TERMINAL,CYRIL KING AIRPORT CARGO AREA,SAINT THOMAS,ST. THOMAS ISLAND,VI,802,,,18.336255,-64.967241,NAD83,,,TOTALENERGIES HOLDINGS USA INC,TOTALENERGIES MARKETING & SERVICES S.A.S.,,TOTALENERGIES MARKETING & SERVICES SAS,NO,4247,Petroleum Bulk Terminals,,,,,,,424710,,,,,,1323222121980,Benzene,NO,0000071432,71-43-2,4754.0,YES,TRI,NO,Non_Metal,YES,NO,NO,R,Pounds,0.0,0.0,0.0,0.0,0.0,0.0,0.0,0.0,0.0,0.0,0.0,0.0,0.0,0.0,0.0,0.0,0.0,0.0,0.0,0.0,0.0,0.0,0.0,0.0,0.0,0.0,0.0,0.0,0.0,0.0,0.0,0.0,0.0,0.0,0.0,42.17,0.0,42.17,0.0,0.0,0.0,0.0,0.0,0.0,0.0,0.0,0.0,0.0,0.0,0.0,0.0,0.0,0.0,0.0,0.0,42.17,42.17,0.0,0.0,0.0,0.0,42.17,0.0,0.0,0.0,0.0,0.0,0.0,42.17,,ACTIVITY,0.2
2023,00804SSSTTCYRIL,110000918115.0,SAINT THOMAS BULK TERMINAL,CYRIL KING AIRPORT CARGO AREA,SAINT THOMAS,ST. THOMAS ISLAND,VI,802,,,18.336255,-64.967241,NAD83,,,TOTALENERGIES HOLDINGS USA INC,TOTALENERGIES MARKETING & SERVICES S.A.S.,,TOTALENERGIES MARKETING & SERVICES SAS,NO,4247,Petroleum Bulk Terminals,,,,,,,424710,,,,,,1323222122083,n-Hexane,NO,0000110543,110-54-3,26740.0,YES,TRI,NO,Non_Metal,NO,NO,NO,R,Pounds,0.0,0.0,0.0,0.0,0.0,0.0,0.0,0.0,0.0,0.0,0.0,0.0,0.0,0.0,0.0,0.0,0.0,0.0,0.0,0.0,0.0,0.0,0.0,0.0,0.0,0.0,0.0,0.0,0.0,0.0,0.0,0.0,0.0,0.0,0.0,23.43,0.0,23.43,0.0,0.0,0.0,0.0,0.0,0.0,0.0,0.0,0.0,0.0,0.0,0.0,0.0,0.0,0.0,0.0,0.0,23.43,23.43,0.0,0.0,0.0,0.0,23.43,0.0,0.0,0.0,0.0,0.0,0.0,23.43,,ACTIVITY,0.01
2023,00841VRGNSESTAT,110000773191.0,CRUZAN RUM LTD.,3A ESTATE DIAMOND W AIRPORT RD,FREDERIKSTED,ST. CROIX ISLAND,VI,840,,,17.704794,-64.825891,NAD83,BEAM-SUNTORY,001265768,BEAM-SUNTORY,,,,NO,3121,Beverages,,,,,,,312140,,,,,,1323221718012,Copper compounds,NO,N100,N100,649491.0,NO,TRI,YES,Metal complound categories,NO,NO,NO,R,Pounds,0.0,0.0,38.6,0.0,0.0,0.0,0.0,0.0,0.0,0.0,0.0,0.0,0.0,0.0,38.6,0.0,0.0,0.0,0.0,0.0,0.0,0.0,0.0,0.0,0.0,0.0,0.0,0.0,0.0,0.0,0.0,0.0,0.0,0.0,0.0,0.0,0.0,0.0,0.0,0.0,0.0,0.0,0.0,0.0,0.0,0.0,0.0,0.0,0.0,0.0,0.0,0.0,0.0,0.0,0.0,0.0,38.6,0.0,0.0,38.6,0.0,0.0,0.0,0.0,0.0,0.0,0.0,0.0,38.6,,PRODUCTION,0.97
2023,0082WLMTRB1ESTA,110071369563.0,LIMETREE BAY TERMINALS LLC DBA OCEAN POINT TERMINALS,1 ESTATE HOPE,CHRISTIANSTED,ST. CROIX ISLAND,VI,820,,,17.715055,-64.757335,NAD83,,,,,,,NO,4247,Petroleum Bulk Terminals,,,,,,,424710,,,,,,1323222306084,Benzene,NO,0000071432,71-43-2,4754.0,YES,TRI,NO,Non_Metal,YES,NO,NO,R,Pounds,136.0,43746.0,0.0,0.0,0.0,0.0,0.0,0.0,0.0,0.0,0.0,0.0,0.0,0.0,43882.0,0.0,0.0,0.0,0.0,0.0,0.0,0.0,0.0,0.0,0.0,0.0,0.0,0.0,0.0,0.0,0.0,0.007,0.0,0.0,0.0,0.0,0.0,0.007,0.0,0.0,0.0,0.0,0.0,0.0,0.02,0.0,0.02,0.0,0.0,0.0,0.0,0.0,0.0,0.0,0.0,0.027,43882.007,0.0,0.0,43881.0,0.007,0.0,0.0,0.02,6088.0,0.0,1961.0,0.0,51930.027,1.0,PRODUCTION,1.57
2023,0082WLMTRB1ESTA,110071369563.0,LIMETREE BAY TERMINALS LLC DBA OCEAN POINT TERMINALS,1 ESTATE HOPE,CHRISTIANSTED,ST. CROIX ISLAND,VI,820,,,17.715055,-64.757335,NAD83,,,,,,,NO,4247,Petroleum Bulk Terminals,,,,,,,424710,,,,,,1323222306060,Xylene (mixed isomers),NO,0001330207,1330-20-7,84970.0,YES,TRI,NO,Non_Metal,NO,NO,NO,R,Pounds,857.3,19051.5,0.0,0.0,0.0,0.0,0.0,0.0,0.0,0.0,0.0,0.0,0.0,0.0,19908.8,0.0,0.0,0.0,0.0,0.0,0.0,0.0,0.0,0.0,0.0,0.0,0.0,0.0,0.0,0.0,0.1,0.0,0.0,0.0,0.0,0.0,0.0,0.1,0.0,0.0,0.0,0.0,0.0,0.0,9.5,0.0,9.5,0.0,3420.0,0.0,0.0,0.0,0.0,3420.0,0.0,3429.6,19908.9,0.0,0.0,19901.8,0.1,0.0,0.0,9.5,0.0,0.0,1085.0,3420.0,24416.4,7.0,PRODUCTION,1.57
2023,00851HSSLVLIMET,110000307864.0,PORT HAMILTON REFINING & TRANSPORTATION LLLP,1 ESTATE HOPE,CHRISTIANSTED,ST. CROIX ISLAND,VI,820,,,17.7102,-64.7544,NAD83,,,,,,,NO,324,Petroleum,,,,,,,324110,,,,,,1323222185062,"1,2,4-Trimethylbenzene",NO,0000095636,95-63-6,16261.0,NO,TRI,NO,Non_Metal,NO,NO,NO,A,Pounds,0.0,0.0,0.0,0.0,0.0,0.0,0.0,0.0,0.0,0.0,0.0,0.0,0.0,0.0,0.0,0.0,0.0,0.0,0.0,0.0,0.0,0.0,0.0,0.0,0.0,0.0,0.0,0.0,0.0,0.0,0.0,0.0,0.0,0.0,0.0,0.0,0.0,0.0,0.0,0.0,0.0,0.0,0.0,0.0,0.0,0.0,0.0,0.0,0.0,0.0,0.0,0.0,0.0,0.0,0.0,0.0,0.0,0.0,0.0,0.0,0.0,0.0,0.0,0.0,0.0,0.0,0.0,0.0,0.0,0.0,,0.0
2023,00851HSSLVLIMET,110000307864.0,PORT HAMILTON REFINING & TRANSPORTATION LLLP,1 ESTATE HOPE,CHRISTIANSTED,ST. CROIX ISLAND,VI,820,,,17.7102,-64.7544,NAD83,,,,,,,NO,324,Petroleum,,,,,,,324110,,,,,,1323222185403,Ethylbenzene,NO,0000100414,100-41-4,19406.0,YES,TRI,NO,Non_Metal,YES,NO,NO,A,Pounds,0.0,0.0,0.0,0.0,0.0,0.0,0.0,0.0,0.0,0.0,0.0,0.0,0.0,0.0,0.0,0.0,0.0,0.0,0.0,0.0,0.0,0.0,0.0,0.0,0.0,0.0,0.0,0.0,0.0,0.0,0.0,0.0,0.0,0.0,0.0,0.0,0.0,0.0,0.0,0.0,0.0,0.0,0.0,0.0,0.0,0.0,0.0,0.0,0.0,0.0,0.0,0.0,0.0,0.0,0.0,0.0,0.0,0.0,0.0,0.0,0.0,0.0,0.0,0.0,0.0,0.0,0.0,0.0,0.0,0.0,,0.0
2023,0082WLMTRB1ESTA,110071369563.0,LIMETREE BAY TERMINALS LLC DBA OCEAN POINT TERMINALS,1 ESTATE HOPE,CHRISTIANSTED,ST. CROIX ISLAND,VI,820,,,17.715055,-64.757335,NAD83,,,,,,,NO,4247,Petroleum Bulk Terminals,,,,,,,424710,,,,,,1323222306072,Methyl tert-butyl ether,NO,0001634044,1634-04-4,89870.0,YES,TRI,NO,Non_Metal,NO,NO,NO,R,Pounds,76.0,8406.0,0.0,0.0,0.0,0.0,0.0,0.0,0.0,0.0,0.0,0.0,0.0,0.0,8482.0,0.0,0.0,0.0,0.0,0.0,0.0,0.0,0.0,0.0,0.0,0.0,0.0,0.0,0.0,0.0,0.0,0.0,0.0,0.0,0.0,0.0,0.0,0.0,0.0,0.0,0.0,0.0,0.0,0.0,0.0,0.0,0.0,0.0,0.0,0.0,0.0,0.0,0.0,0.0,0.0,0.0,8482.0,0.0,0.0,8481.0,0.0,0.0,0.0,0.0,0.0,0.0,0.0,0.0,8481.0,1.0,PRODUCTION,1.57
2023,00804SSSTTCYRIL,110000918115.0,SAINT THOMAS BULK TERMINAL,CYRIL KING AIRPORT CARGO AREA,SAINT THOMAS,ST. THOMAS ISLAND,VI,802,,,18.336255,-64.967241,NAD83,,,TOTALENERGIES HOLDINGS USA INC,TOTALENERGIES MARKETING & SERVICES S.A.S.,,TOTALENERGIES MARKETING & SERVICES SAS,NO,4247,Petroleum Bulk Terminals,,,,,,,424710,,,,,,1323222121992,Cumene,NO,0000098828,98-82-8,18309.0,YES,TRI,NO,Non_Metal,YES,NO,NO,R,Pounds,0.0,0.0,0.0,0.0,0.0,0.0,0.0,0.0,0.0,0.0,0.0,0.0,0.0,0.0,0.0,0.0,0.0,0.0,0.0,0.0,0.0,0.0,0.0,0.0,0.0,0.0,0.0,0.0,0.0,0.0,0.0,0.0,0.0,0.0,0.0,11.71,0.0,11.71,0.0,0.0,0.0,0.0,0.0,0.0,0.0,0.0,0.0,0.0,0.0,0.0,0.0,0.0,0.0,0.0,0.0,11.71,11.71,0.0,0.0,0.0,0.0,11.71,0.0,0.0,0.0,0.0,0.0,0.0,11.71,,ACTIVITY,0.2
2023,00851HSSLVLIMET,110000307864.0,PORT HAMILTON REFINING & TRANSPORTATION LLLP,1 ESTATE HOPE,CHRISTIANSTED,ST. CROIX ISLAND,VI,820,,,17.7102,-64.7544,NAD83,,,,,,,NO,324,Petroleum,,,,,,,324110,,,,,,1323222185074,Benzene,NO,0000071432,71-43-2,4754.0,YES,TRI,NO,Non_Metal,YES,NO,NO,A,Pounds,0.0,0.0,0.0,0.0,0.0,0.0,0.0,0.0,0.0,0.0,0.0,0.0,0.0,0.0,0.0,0.0,0.0,0.0,0.0,0.0,0.0,0.0,0.0,0.0,0.0,0.0,0.0,0.0,0.0,0.0,0.0,0.0,0.0,0.0,0.0,0.0,0.0,0.0,0.0,0.0,0.0,0.0,0.0,0.0,0.0,0.0,0.0,0.0,0.0,0.0,0.0,0.0,0.0,0.0,0.0,0.0,0.0,0.0,0.0,0.0,0.0,0.0,0.0,0.0,0.0,0.0,0.0,0.0,0.0,0.0,,0.0
2023,0082WLMTRB1ESTA,110071369563.0,LIMETREE BAY TERMINALS LLC DBA OCEAN POINT TERMINALS,1 ESTATE HOPE,CHRISTIANSTED,ST. CROIX ISLAND,VI,820,,,17.715055,-64.757335,NAD83,,,,,,,NO,4247,Petroleum Bulk Terminals,,,,,,,424710,,,,,,1323222306110,Cumene,NO,0000098828,98-82-8,18309.0,YES,TRI,NO,Non_Metal,YES,NO,NO,R,Pounds,85.0,502.0,0.0,0.0,0.0,0.0,0.0,0.0,0.0,0.0,0.0,0.0,0.0,0.0,587.0,0.0,0.0,0.0,0.0,0.0,0.0,0.0,0.0,0.0,0.0,0.0,0.0,0.0,0.0,0.0,0.006,0.0,0.0,0.0,0.0,0.0,0.0,0.006,0.0,0.0,0.0,0.0,0.0,0.0,0.0,0.0,0.0,0.0,57.0,0.0,0.0,0.0,0.0,57.0,0.0,57.006,587.006,0.0,0.0,586.0,0.006,0.0,0.0,0.0,0.0,0.0,0.0,57.0,643.006,1.0,PRODUCTION,1.57
2023,00804SSSTTCYRIL,110000918115.0,SAINT THOMAS BULK TERMINAL,CYRIL KING AIRPORT CARGO AREA,SAINT THOMAS,ST. THOMAS ISLAND,VI,802,,,18.336255,-64.967241,NAD83,,,TOTALENERGIES HOLDINGS USA INC,TOTALENERGIES MARKETING & SERVICES S.A.S.,,TOTALENERGIES MARKETING & SERVICES SAS,NO,4247,Petroleum Bulk Terminals,,,,,,,424710,,,,,,1323222122006,Cyclohexane,NO,0000110827,110-82-7,27003.0,NO,TRI,NO,Non_Metal,NO,NO,NO,R,Pounds,0.0,0.0,0.0,0.0,0.0,0.0,0.0,0.0,0.0,0.0,0.0,0.0,0.0,0.0,0.0,0.0,0.0,0.0,0.0,0.0,0.0,0.0,0.0,0.0,0.0,0.0,0.0,0.0,0.0,0.0,0.0,0.0,0.0,0.0,0.0,5.63,0.0,5.63,0.0,0.0,0.0,0.0,0.0,0.0,0.0,0.0,0.0,0.0,0.0,0.0,0.0,0.0,0.0,0.0,0.0,5.63,5.63,0.0,0.0,0.0,0.0,5.63,0.0,0.0,0.0,0.0,0.0,0.0,5.63,,ACTIVITY,0.01
2023,00804VRGNSKRUMB,110000580960.0,VIRGIN ISLANDS WATER & POWER AUTHORITY,KRUM BAY FACILITY,SAINT THOMAS,ST. THOMAS ISLAND,VI,804,,,18.330234,-64.960147,,VIRGIN ISLANDS WATER & POWER AUTHORITY,,VIRGIN ISLANDS WATER & POWER AUTHORITY,,,,NO,2211,Electric Utilities,,,,,,,221112,,,,,,1323222148506,Lead compounds,NO,N420,N420,650002.0,YES,PBT,YES,Metal complound categories,NO,YES,NO,R,Pounds,0.0,6.0,0.001,0.0,0.0,0.0,0.0,0.0,0.0,0.0,0.0,0.0,0.0,0.0,6.001,0.0,0.0,0.0,0.0,0.0,0.0,0.0,0.0,0.0,0.0,0.0,0.0,0.0,0.0,0.0,0.0,0.0,0.0,0.0,0.0,0.0,0.0,0.0,0.0,0.0,0.0,0.0,0.0,0.0,0.0,0.0,0.0,0.0,0.0,0.0,0.0,0.0,0.0,0.0,0.0,0.0,6.001,0.0,0.0,6.001,0.0,0.0,0.0,0.0,0.0,0.0,0.0,0.0,6.001,,PRODUCTION,1.03
2023,00851HSSLVLIMET,110000307864.0,PORT HAMILTON REFINING & TRANSPORTATION LLLP,1 ESTATE HOPE,CHRISTIANSTED,ST. CROIX ISLAND,VI,820,,,17.7102,-64.7544,NAD83,,,,,,,NO,324,Petroleum,,,,,,,324110,,,,,,1323222185555,Xylene (mixed isomers),NO,0001330207,1330-20-7,84970.0,YES,TRI,NO,Non_Metal,NO,NO,NO,A,Pounds,0.0,0.0,0.0,0.0,0.0,0.0,0.0,0.0,0.0,0.0,0.0,0.0,0.0,0.0,0.0,0.0,0.0,0.0,0.0,0.0,0.0,0.0,0.0,0.0,0.0,0.0,0.0,0.0,0.0,0.0,0.0,0.0,0.0,0.0,0.0,0.0,0.0,0.0,0.0,0.0,0.0,0.0,0.0,0.0,0.0,0.0,0.0,0.0,0.0,0.0,0.0,0.0,0.0,0.0,0.0,0.0,0.0,0.0,0.0,0.0,0.0,0.0,0.0,0.0,0.0,0.0,0.0,0.0,0.0,0.0,,0.0
2023,00821VRGNSESTAT,110000602866.0,VIRGIN ISLANDS WATER & POWER AUTHORITY,ESTATE RICHMOND,CHRISTIANSTED,ST. CROIX ISLAND,VI,821,,,17.750141,-64.714793,NAD83,VIRGIN ISLANDS WATER & POWER AUTHORITY,,VIRGIN ISLANDS WATER & POWER AUTHORITY,,,,NO,2211,Electric Utilities,,,,,,,221112,,,,,,1323222149193,Polycyclic aromatic compounds,NO,N590,N590,649749.0,YES,PBT,NO,Non_Metal,YES,YES,NO,R,Pounds,0.0,25.0,0.006,0.0,0.0,0.0,0.0,0.0,0.0,0.0,0.0,0.0,0.0,0.0,25.006,0.0,0.0,0.0,0.0,0.0,0.0,0.0,0.0,0.0,0.0,0.0,0.0,0.0,0.0,0.0,0.0,0.0,0.0,0.0,0.0,0.0,0.0,0.0,0.0,0.0,0.0,0.0,0.0,0.0,0.0,0.0,0.0,0.0,0.0,0.0,0.0,0.0,0.0,0.0,0.0,0.0,25.006,0.0,0.0,25.006,0.0,0.0,0.0,0.0,0.0,0.0,0.0,0.0,25.006,,PRODUCTION,1.08
2023,00851HSSLVLIMET,110000307864.0,PORT HAMILTON REFINING & TRANSPORTATION LLLP,1 ESTATE HOPE,CHRISTIANSTED,ST. CROIX ISLAND,VI,820,,,17.7102,-64.7544,NAD83,,,,,,,NO,324,Petroleum,,,,,,,324110,,,,,,1323222185389,Cumene,NO,0000098828,98-82-8,18309.0,YES,TRI,NO,Non_Metal,YES,NO,NO,A,Pounds,0.0,0.0,0.0,0.0,0.0,0.0,0.0,0.0,0.0,0.0,0.0,0.0,0.0,0.0,0.0,0.0,0.0,0.0,0.0,0.0,0.0,0.0,0.0,0.0,0.0,0.0,0.0,0.0,0.0,0.0,0.0,0.0,0.0,0.0,0.0,0.0,0.0,0.0,0.0,0.0,0.0,0.0,0.0,0.0,0.0,0.0,0.0,0.0,0.0,0.0,0.0,0.0,0.0,0.0,0.0,0.0,0.0,0.0,0.0,0.0,0.0,0.0,0.0,0.0,0.0,0.0,0.0,0.0,0.0,0.0,,0.0
2023,0082WLMTRB1ESTA,110071369563.0,LIMETREE BAY TERMINALS LLC DBA OCEAN POINT TERMINALS,1 ESTATE HOPE,CHRISTIANSTED,ST. CROIX ISLAND,VI,820,,,17.715055,-64.757335,NAD83,,,,,,,NO,4247,Petroleum Bulk Terminals,,,,,,,424710,,,,,,1323222306033,Toluene,NO,0000108883,108-88-3,25452.0,YES,TRI,NO,Non_Metal,NO,NO,NO,R,Pounds,637.3,58036.0,0.0,0.0,0.0,0.0,0.0,0.0,0.0,0.0,0.0,0.0,0.0,0.0,58673.3,0.0,0.0,0.0,0.0,0.0,0.0,0.0,0.0,0.0,0.0,0.0,0.0,0.0,0.0,0.0,0.002,0.0,0.0,0.0,0.0,0.0,0.0,0.002,0.0,0.0,0.0,0.0,0.0,0.0,44.31,0.0,44.31,0.0,627.0,0.0,0.0,0.0,0.0,627.0,0.0,671.312,58673.302,0.0,0.0,58666.3,0.002,0.0,0.0,44.31,0.0,0.0,1666.0,627.0,61003.612,7.0,PRODUCTION,1.57
2023,0082WLMTRB1ESTA,110071369563.0,LIMETREE BAY TERMINALS LLC DBA OCEAN POINT TERMINALS,1 ESTATE HOPE,CHRISTIANSTED,ST. CROIX ISLAND,VI,820,,,17.715055,-64.757335,NAD83,,,,,,,NO,4247,Petroleum Bulk Terminals,,,,,,,424710,,,,,,1323222306108,Polycyclic aromatic compounds,NO,N590,N590,649749.0,YES,PBT,NO,Non_Metal,YES,YES,NO,R,Pounds,5.0,4.2,0.0,0.0,0.0,0.0,0.0,0.0,0.0,0.0,0.0,0.0,0.0,1.0,10.2,0.0,0.0,0.0,0.0,0.0,0.0,0.0,0.0,0.0,0.0,0.0,0.0,0.0,0.0,0.0,0.13,0.0,0.0,0.0,0.0,0.0,0.0,0.13,0.0,0.0,0.0,0.0,0.0,0.0,0.0,0.0,0.0,0.0,0.0,0.0,0.0,0.0,0.0,0.0,0.0,0.13,10.33,0.0,0.0,9.2,0.13,0.0,0.0,0.0,0.0,0.0,0.0,0.0,9.33,1.0,PRODUCTION,1.57
2023,00851HSSLVLIMET,110000307864.0,PORT HAMILTON REFINING & TRANSPORTATION LLLP,1 ESTATE HOPE,CHRISTIANSTED,ST. CROIX ISLAND,VI,820,,,17.7102,-64.7544,NAD83,,,,,,,NO,324,Petroleum,,,,,,,324110,,,,,,1323222185415,n-Hexane,NO,0000110543,110-54-3,26740.0,YES,TRI,NO,Non_Metal,NO,NO,NO,A,Pounds,0.0,0.0,0.0,0.0,0.0,0.0,0.0,0.0,0.0,0.0,0.0,0.0,0.0,0.0,0.0,0.0,0.0,0.0,0.0,0.0,0.0,0.0,0.0,0.0,0.0,0.0,0.0,0.0,0.0,0.0,0.0,0.0,0.0,0.0,0.0,0.0,0.0,0.0,0.0,0.0,0.0,0.0,0.0,0.0,0.0,0.0,0.0,0.0,0.0,0.0,0.0,0.0,0.0,0.0,0.0,0.0,0.0,0.0,0.0,0.0,0.0,0.0,0.0,0.0,0.0,0.0,0.0,0.0,0.0,0.0,,0.0
2023,0082WLMTRB1ESTA,110071369563.0,LIMETREE BAY TERMINALS LLC DBA OCEAN POINT TERMINALS,1 ESTATE HOPE,CHRISTIANSTED,ST. CROIX ISLAND,VI,820,,,17.715055,-64.757335,NAD83,,,,,,,NO,4247,Petroleum Bulk Terminals,,,,,,,424710,,,,,,1323222306122,"1,2,4-Trimethylbenzene",NO,0000095636,95-63-6,16261.0,NO,TRI,NO,Non_Metal,NO,NO,NO,R,Pounds,234.0,1588.0,0.0,0.0,0.0,0.0,0.0,0.0,0.0,0.0,0.0,0.0,0.0,0.0,1822.0,0.0,0.0,0.0,0.0,0.0,0.0,0.0,0.0,0.0,0.0,0.0,0.0,0.0,0.0,0.0,0.27,0.0,0.0,0.0,0.0,0.0,0.0,0.27,0.0,0.0,0.0,0.0,0.0,0.0,2.39,0.0,2.39,0.0,285.0,0.0,0.0,0.0,0.0,285.0,0.0,287.66,1822.27,0.0,0.0,1820.0,0.27,0.0,0.0,2.39,0.0,0.0,0.0,285.0,2107.66,2.0,PRODUCTION,1.57
2023,00804SSSTTCYRIL,110000918115.0,SAINT THOMAS BULK TERMINAL,CYRIL KING AIRPORT CARGO AREA,SAINT THOMAS,ST. THOMAS ISLAND,VI,802,,,18.336255,-64.967241,NAD83,,,TOTALENERGIES HOLDINGS USA INC,TOTALENERGIES MARKETING & SERVICES S.A.S.,,TOTALENERGIES MARKETING & SERVICES SAS,NO,4247,Petroleum Bulk Terminals,,,,,,,424710,,,,,,1323222122119,Xylene (mixed isomers),NO,0001330207,1330-20-7,84970.0,YES,TRI,NO,Non_Metal,NO,NO,NO,R,Pounds,0.19,7.18,0.0,0.0,0.0,0.0,0.0,0.0,0.0,0.0,0.0,0.0,0.0,0.0,7.37,0.0,0.0,0.0,0.0,0.0,0.0,0.0,0.0,0.0,0.0,0.0,0.0,0.0,0.0,0.0,0.0,0.0,0.0,0.0,0.0,540.94,0.0,540.94,0.0,0.0,0.0,0.0,0.0,0.0,0.0,0.0,0.0,0.0,0.0,0.0,0.0,0.0,0.0,0.0,0.0,540.94,548.31,0.0,0.0,7.37,0.0,540.94,0.0,0.0,0.0,0.0,0.0,0.0,548.31,,ACTIVITY,0.01
2023,00804VRGNSKRUMB,110000580960.0,VIRGIN ISLANDS WATER & POWER AUTHORITY,KRUM BAY FACILITY,SAINT THOMAS,ST. THOMAS ISLAND,VI,804,,,18.330234,-64.960147,,VIRGIN ISLANDS WATER & POWER AUTHORITY,,VIRGIN ISLANDS WATER & POWER AUTHORITY,,,,NO,2211,Electric Utilities,,,,,,,221112,,,,,,1323222148025,Polycyclic aromatic compounds,NO,N590,N590,649749.0,YES,PBT,NO,Non_Metal,YES,YES,NO,R,Pounds,0.0,95.0,0.14,0.0,0.0,0.0,0.0,0.0,0.0,0.0,0.0,0.0,0.0,0.0,95.14,0.0,0.0,0.0,0.0,0.0,0.0,0.0,0.0,0.0,0.0,0.0,0.0,0.0,0.0,0.0,0.0,0.0,0.0,0.0,0.0,0.0,0.0,0.0,0.0,0.0,0.0,0.0,0.0,0.0,0.0,0.0,0.0,0.0,0.0,0.0,0.0,0.0,0.0,0.0,0.0,0.0,95.14,0.0,0.0,95.14,0.0,0.0,0.0,0.0,0.0,0.0,0.0,0.0,95.14,,PRODUCTION,1.03
2023,00804VRGNSKRUMB,110000580960.0,VIRGIN ISLANDS WATER & POWER AUTHORITY,KRUM BAY FACILITY,SAINT THOMAS,ST. THOMAS ISLAND,VI,804,,,18.330234,-64.960147,,VIRGIN ISLANDS WATER & POWER AUTHORITY,,VIRGIN ISLANDS WATER & POWER AUTHORITY,,,,NO,2211,Electric Utilities,,,,,,,221112,,,,,,1323222148532,"1,2,4-Trimethylbenzene",NO,0000095636,95-63-6,16261.0,NO,TRI,NO,Non_Metal,NO,NO,NO,R,Pounds,0.0,15.0,137.1,0.0,0.0,0.0,0.0,0.0,0.0,0.0,0.0,0.0,0.0,0.0,152.1,0.0,0.0,0.0,0.0,0.0,0.0,0.0,0.0,0.0,0.0,0.0,0.0,0.0,0.0,0.0,0.0,0.0,0.0,0.0,0.0,0.0,0.0,0.0,0.0,0.0,0.0,0.0,0.0,0.0,0.0,0.0,0.0,0.0,0.0,0.0,0.0,0.0,0.0,0.0,0.0,0.0,152.1,0.0,0.0,152.1,0.0,0.0,0.0,0.0,0.0,0.0,0.0,0.0,152.1,,PRODUCTION,1.03
2023,00804SSSTTCYRIL,110000918115.0,SAINT THOMAS BULK TERMINAL,CYRIL KING AIRPORT CARGO AREA,SAINT THOMAS,ST. THOMAS ISLAND,VI,802,,,18.336255,-64.967241,NAD83,,,TOTALENERGIES HOLDINGS USA INC,TOTALENERGIES MARKETING & SERVICES S.A.S.,,TOTALENERGIES MARKETING & SERVICES SAS,NO,4247,Petroleum Bulk Terminals,,,,,,,424710,,,,,,1323222121624,"1,2,4-Trimethylbenzene",NO,0000095636,95-63-6,16261.0,NO,TRI,NO,Non_Metal,NO,NO,NO,R,Pounds,0.0,0.0,0.0,0.0,0.0,0.0,0.0,0.0,0.0,0.0,0.0,0.0,0.0,0.0,0.0,0.0,0.0,0.0,0.0,0.0,0.0,0.0,0.0,0.0,0.0,0.0,0.0,0.0,0.0,0.0,0.0,0.0,0.0,0.0,0.0,58.57,0.0,58.57,0.0,0.0,0.0,0.0,0.0,0.0,0.0,0.0,0.0,0.0,0.0,0.0,0.0,0.0,0.0,0.0,0.0,58.57,58.57,0.0,0.0,0.0,0.0,58.57,0.0,0.0,0.0,0.0,0.0,0.0,58.57,,ACTIVITY,0.2
2023,00804VRGNSKRUMB,110000580960.0,VIRGIN ISLANDS WATER & POWER AUTHORITY,KRUM BAY FACILITY,SAINT THOMAS,ST. THOMAS ISLAND,VI,804,,,18.330234,-64.960147,,VIRGIN ISLANDS WATER & POWER AUTHORITY,,VIRGIN ISLANDS WATER & POWER AUTHORITY,,,,NO,2211,Electric Utilities,,,,,,,221112,,,,,,1323222148482,Naphthalene,NO,0000091203,91-20-3,13326.0,YES,TRI,NO,Non_Metal,YES,NO,NO,R,Pounds,0.0,86.0,21.9,0.0,0.0,0.0,0.0,0.0,0.0,0.0,0.0,0.0,0.0,0.0,107.9,0.0,0.0,0.0,0.0,0.0,0.0,0.0,0.0,0.0,0.0,0.0,0.0,0.0,0.0,0.0,0.0,0.0,0.0,0.0,0.0,0.0,0.0,0.0,0.0,0.0,0.0,0.0,0.0,0.0,0.0,0.0,0.0,0.0,0.0,0.0,0.0,0.0,0.0,0.0,0.0,0.0,107.9,0.0,0.0,107.9,0.0,0.0,0.0,0.0,0.0,0.0,0.0,0.0,107.9,,PRODUCTION,1.03
2023,00804SSSTTCYRIL,110000918115.0,SAINT THOMAS BULK TERMINAL,CYRIL KING AIRPORT CARGO AREA,SAINT THOMAS,ST. THOMAS ISLAND,VI,802,,,18.336255,-64.967241,NAD83,,,TOTALENERGIES HOLDINGS USA INC,TOTALENERGIES MARKETING & SERVICES S.A.S.,,TOTALENERGIES MARKETING & SERVICES SAS,NO,4247,Petroleum Bulk Terminals,,,,,,,424710,,,,,,1323222122107,Toluene,NO,0000108883,108-88-3,25452.0,YES,TRI,NO,Non_Metal,NO,NO,NO,R,Pounds,0.02,0.78,0.0,0.0,0.0,0.0,0.0,0.0,0.0,0.0,0.0,0.0,0.0,0.0,0.8,0.0,0.0,0.0,0.0,0.0,0.0,0.0,0.0,0.0,0.0,0.0,0.0,0.0,0.0,0.0,0.0,0.0,0.0,0.0,0.0,163.99,0.0,163.99,0.0,0.0,0.0,0.0,0.0,0.0,0.0,0.0,0.0,0.0,0.0,0.0,0.0,0.0,0.0,0.0,0.0,163.99,164.79,0.0,0.0,0.8,0.0,163.99,0.0,0.0,0.0,0.0,0.0,0.0,164.79,,ACTIVITY,0.2
2023,00851HSSLVLIMET,110000307864.0,PORT HAMILTON REFINING & TRANSPORTATION LLLP,1 ESTATE HOPE,CHRISTIANSTED,ST. CROIX ISLAND,VI,820,,,17.7102,-64.7544,NAD83,,,,,,,NO,324,Petroleum,,,,,,,324110,,,,,,1323222185427,Naphthalene,NO,0000091203,91-20-3,13326.0,YES,TRI,NO,Non_Metal,YES,NO,NO,A,Pounds,0.0,0.0,0.0,0.0,0.0,0.0,0.0,0.0,0.0,0.0,0.0,0.0,0.0,0.0,0.0,0.0,0.0,0.0,0.0,0.0,0.0,0.0,0.0,0.0,0.0,0.0,0.0,0.0,0.0,0.0,0.0,0.0,0.0,0.0,0.0,0.0,0.0,0.0,0.0,0.0,0.0,0.0,0.0,0.0,0.0,0.0,0.0,0.0,0.0,0.0,0.0,0.0,0.0,0.0,0.0,0.0,0.0,0.0,0.0,0.0,0.0,0.0,0.0,0.0,0.0,0.0,0.0,0.0,0.0,0.0,,0.0
2023,00851HSSLVLIMET,110000307864.0,PORT HAMILTON REFINING & TRANSPORTATION LLLP,1 ESTATE HOPE,CHRISTIANSTED,ST. CROIX ISLAND,VI,820,,,17.7102,-64.7544,NAD83,,,,,,,NO,324,Petroleum,,,,,,,324110,,,,,,1323222185530,Polycyclic aromatic compounds,NO,N590,N590,649749.0,YES,PBT,NO,Non_Metal,YES,YES,NO,R,Pounds,1.0,0.0,0.0,0.0,0.0,0.0,0.0,0.0,0.0,0.0,0.0,0.0,0.0,0.0,1.0,0.0,0.0,0.0,0.0,0.0,0.0,0.0,0.0,0.0,0.0,0.0,0.0,0.0,0.0,0.0,0.17,0.0,0.0,0.0,0.0,0.0,0.0,0.17,0.0,0.0,0.0,0.0,0.0,0.0,0.0,0.0,0.0,0.0,1.28,0.0,0.0,0.0,0.0,1.28,0.0,1.45,1.17,0.0,0.0,1.0,0.17,0.0,0.0,0.0,0.0,0.0,0.0,1.28,2.45,,PRODUCTION,0.0
2023,00851HSSLVLIMET,110000307864.0,PORT HAMILTON REFINING & TRANSPORTATION LLLP,1 ESTATE HOPE,CHRISTIANSTED,ST. CROIX ISLAND,VI,820,,,17.7102,-64.7544,NAD83,,,,,,,NO,324,Petroleum,,,,,,,324110,,,,,,1323222185542,Toluene,NO,0000108883,108-88-3,25452.0,YES,TRI,NO,Non_Metal,NO,NO,NO,A,Pounds,0.0,0.0,0.0,0.0,0.0,0.0,0.0,0.0,0.0,0.0,0.0,0.0,0.0,0.0,0.0,0.0,0.0,0.0,0.0,0.0,0.0,0.0,0.0,0.0,0.0,0.0,0.0,0.0,0.0,0.0,0.0,0.0,0.0,0.0,0.0,0.0,0.0,0.0,0.0,0.0,0.0,0.0,0.0,0.0,0.0,0.0,0.0,0.0,0.0,0.0,0.0,0.0,0.0,0.0,0.0,0.0,0.0,0.0,0.0,0.0,0.0,0.0,0.0,0.0,0.0,0.0,0.0,0.0,0.0,0.0,,0.0
2023,00851HSSLVLIMET,110000307864.0,PORT HAMILTON REFINING & TRANSPORTATION LLLP,1 ESTATE HOPE,CHRISTIANSTED,ST. CROIX ISLAND,VI,820,,,17.7102,-64.7544,NAD83,,,,,,,NO,324,Petroleum,,,,,,,324110,,,,,,1323222185391,Cyclohexane,NO,0000110827,110-82-7,27003.0,NO,TRI,NO,Non_Metal,NO,NO,NO,A,Pounds,0.0,0.0,0.0,0.0,0.0,0.0,0.0,0.0,0.0,0.0,0.0,0.0,0.0,0.0,0.0,0.0,0.0,0.0,0.0,0.0,0.0,0.0,0.0,0.0,0.0,0.0,0.0,0.0,0.0,0.0,0.0,0.0,0.0,0.0,0.0,0.0,0.0,0.0,0.0,0.0,0.0,0.0,0.0,0.0,0.0,0.0,0.0,0.0,0.0,0.0,0.0,0.0,0.0,0.0,0.0,0.0,0.0,0.0,0.0,0.0,0.0,0.0,0.0,0.0,0.0,0.0,0.0,0.0,0.0,0.0,,0.0
2023,00804VRGNSKRUMB,110000580960.0,VIRGIN ISLANDS WATER & POWER AUTHORITY,KRUM BAY FACILITY,SAINT THOMAS,ST. THOMAS ISLAND,VI,804,,,18.330234,-64.960147,,VIRGIN ISLANDS WATER & POWER AUTHORITY,,VIRGIN ISLANDS WATER & POWER AUTHORITY,,,,NO,2211,Electric Utilities,,,,,,,221112,,,,,,1323222148494,n-Hexane,NO,0000110543,110-54-3,26740.0,YES,TRI,NO,Non_Metal,NO,NO,NO,R,Pounds,0.0,15.0,137.1,0.0,0.0,0.0,0.0,0.0,0.0,0.0,0.0,0.0,0.0,0.0,152.1,0.0,0.0,0.0,0.0,0.0,0.0,0.0,0.0,0.0,0.0,0.0,0.0,0.0,0.0,0.0,0.0,0.0,0.0,0.0,0.0,0.0,0.0,0.0,0.0,0.0,0.0,0.0,0.0,0.0,0.0,0.0,0.0,0.0,0.0,0.0,0.0,0.0,0.0,0.0,0.0,0.0,152.1,0.0,0.0,152.1,0.0,0.0,0.0,0.0,0.0,0.0,0.0,0.0,152.1,,PRODUCTION,1.03
2023,00804VRGNSKRUMB,110000580960.0,VIRGIN ISLANDS WATER & POWER AUTHORITY,KRUM BAY FACILITY,SAINT THOMAS,ST. THOMAS ISLAND,VI,804,,,18.330234,-64.960147,,VIRGIN ISLANDS WATER & POWER AUTHORITY,,VIRGIN ISLANDS WATER & POWER AUTHORITY,,,,NO,2211,Electric Utilities,,,,,,,221112,,,,,,1323222148518,Dioxin and dioxin-like compounds,NO,N150,N150,755371.0,YES,Dioxin,NO,Non_Metal,YES,YES,NO,R,Grams,0.0,0.208,0.0,0.0,0.0,0.0,0.0,0.0,0.0,0.0,0.0,0.0,0.0,0.0,0.208,0.0,0.0,0.0,0.0,0.0,0.0,0.0,0.0,0.0,0.0,0.0,0.0,0.0,0.0,0.0,0.0,0.0,0.0,0.0,0.0,0.0,0.0,0.0,0.0,0.0,0.0,0.0,0.0,0.0,0.0,0.0,0.0,0.0,0.0,0.0,0.0,0.0,0.0,0.0,0.0,0.0,0.208,0.0,0.0,0.208,0.0,0.0,0.0,0.0,0.0,0.0,0.0,0.0,0.208,,PRODUCTION,1.03
2023,0080WHVYMT7865E,110070557871.0,HEAVY MATERIALS SVI - ST THOMAS,7865 ESTATE MARIENDAHL #1,ST THOMAS,ST. THOMAS ISLAND,VI,802,,,18.325964,-64.881869,NAD83,VULCAN MATERIALS CO,805344798,SMYRNA READY MIX LLC,,,,NO,327,Nonmetallic Mineral Product,,,,,,,327320,,,,,,1323222001671,Lead,NO,0007439921,7439-92-1,149583.0,NO,PBT,YES,Elemental metals,YES,YES,NO,R,Pounds,0.0,0.0,0.0,0.0,0.0,0.0,0.0,0.0,0.0,0.0,0.0,0.0,0.0,0.0,0.0,0.0,0.0,0.0,0.0,0.0,0.0,0.0,0.0,0.0,0.0,0.0,0.0,0.0,0.0,0.0,0.0,0.0,0.0,0.0,0.0,0.0,0.0,0.0,0.0,0.0,0.0,0.0,0.0,0.0,0.0,0.0,0.0,0.0,0.0,0.0,0.0,0.0,0.0,0.0,0.0,0.0,0.0,0.0,0.0,0.0,0.0,0.0,0.0,0.0,0.0,0.0,0.0,0.0,0.0,,PRODUCTION,0.93
2023,00804SSSTTCYRIL,110000918115.0,SAINT THOMAS BULK TERMINAL,CYRIL KING AIRPORT CARGO AREA,SAINT THOMAS,ST. THOMAS ISLAND,VI,802,,,18.336255,-64.967241,NAD83,,,TOTALENERGIES HOLDINGS USA INC,TOTALENERGIES MARKETING & SERVICES S.A.S.,,TOTALENERGIES MARKETING & SERVICES SAS,NO,4247,Petroleum Bulk Terminals,,,,,,,424710,,,,,,1323222122018,Ethylbenzene,NO,0000100414,100-41-4,19406.0,YES,TRI,NO,Non_Metal,YES,NO,NO,R,Pounds,0.1,2.5,0.0,0.0,0.0,0.0,0.0,0.0,0.0,0.0,0.0,0.0,0.0,0.0,2.6,0.0,0.0,0.0,0.0,0.0,0.0,0.0,0.0,0.0,0.0,0.0,0.0,0.0,0.0,0.0,0.0,0.0,0.0,0.0,0.0,32.8,0.0,32.8,0.0,0.0,0.0,0.0,0.0,0.0,0.0,0.0,0.0,0.0,0.0,0.0,0.0,0.0,0.0,0.0,0.0,32.8,35.4,0.0,0.0,2.6,0.0,32.8,0.0,0.0,0.0,0.0,0.0,0.0,35.4,,ACTIVITY,0.02
2023,00804VRGNSKRUMB,110000580960.0,VIRGIN ISLANDS WATER & POWER AUTHORITY,KRUM BAY FACILITY,SAINT THOMAS,ST. THOMAS ISLAND,VI,804,,,18.330234,-64.960147,,VIRGIN ISLANDS WATER & POWER AUTHORITY,,VIRGIN ISLANDS WATER & POWER AUTHORITY,,,,NO,2211,Electric Utilities,,,,,,,221112,,,,,,1323222148520,"Benzo[g,h,i]perylene",NO,0000191242,191-24-2,40576.0,YES,PBT,NO,Non_Metal,NO,YES,NO,R,Pounds,0.0,0.0,0.001,0.0,0.0,0.0,0.0,0.0,0.0,0.0,0.0,0.0,0.0,0.0,0.001,0.0,0.0,0.0,0.0,0.0,0.0,0.0,0.0,0.0,0.0,0.0,0.0,0.0,0.0,0.0,0.0,0.0,0.0,0.0,0.0,0.0,0.0,0.0,0.0,0.0,0.0,0.0,0.0,0.0,0.0,0.0,0.0,0.0,0.0,0.0,0.0,0.0,0.0,0.0,0.0,0.0,0.001,0.0,0.0,0.001,0.0,0.0,0.0,0.0,0.0,0.0,0.0,0.0,0.001,,PRODUCTION,1.03
2023,0082WLMTRB1ESTA,110071369563.0,LIMETREE BAY TERMINALS LLC DBA OCEAN POINT TERMINALS,1 ESTATE HOPE,CHRISTIANSTED,ST. CROIX ISLAND,VI,820,,,17.715055,-64.757335,NAD83,,,,,,,NO,4247,Petroleum Bulk Terminals,,,,,,,424710,,,,,,1323222306045,n-Hexane,NO,0000110543,110-54-3,26740.0,YES,TRI,NO,Non_Metal,NO,NO,NO,R,Pounds,136.0,68782.0,0.0,0.0,0.0,0.0,0.0,0.0,0.0,0.0,0.0,0.0,0.0,0.0,68918.0,0.0,0.0,0.0,0.0,0.0,0.0,0.0,0.0,0.0,0.0,0.0,0.0,0.0,0.0,0.0,0.0,0.0,0.0,0.0,0.0,0.0,0.0,0.0,0.0,0.0,0.0,0.0,0.0,0.0,0.0,0.0,0.0,0.0,0.0,0.0,0.0,0.0,0.0,0.0,0.0,0.0,68918.0,0.0,0.0,68916.0,0.0,0.0,0.0,0.0,0.0,0.0,0.0,0.0,68916.0,2.0,PRODUCTION,1.57
2023,00821VRGNSESTAT,110000602866.0,VIRGIN ISLANDS WATER & POWER AUTHORITY,ESTATE RICHMOND,CHRISTIANSTED,ST. CROIX ISLAND,VI,821,,,17.750141,-64.714793,NAD83,VIRGIN ISLANDS WATER & POWER AUTHORITY,,VIRGIN ISLANDS WATER & POWER AUTHORITY,,,,NO,2211,Electric Utilities,,,,,,,221112,,,,,,1323222149181,Naphthalene,NO,0000091203,91-20-3,13326.0,YES,TRI,NO,Non_Metal,YES,NO,NO,R,Pounds,0.0,23.0,0.91,0.0,0.0,0.0,0.0,0.0,0.0,0.0,0.0,0.0,0.0,0.0,23.91,0.0,0.0,0.0,0.0,0.0,0.0,0.0,0.0,0.0,0.0,0.0,0.0,0.0,0.0,0.0,0.0,0.0,0.0,0.0,0.0,0.0,0.0,0.0,0.0,0.0,0.0,0.0,0.0,0.0,0.0,0.0,0.0,0.0,0.0,0.0,0.0,0.0,0.0,0.0,0.0,0.0,23.91,0.0,0.0,23.91,0.0,0.0,0.0,0.0,0.0,0.0,0.0,0.0,23.91,,PRODUCTION,1.08
2023,0082WLMTRB1ESTA,110071369563.0,LIMETREE BAY TERMINALS LLC DBA OCEAN POINT TERMINALS,1 ESTATE HOPE,CHRISTIANSTED,ST. CROIX ISLAND,VI,820,,,17.715055,-64.757335,NAD83,,,,,,,NO,4247,Petroleum Bulk Terminals,,,,,,,424710,,,,,,1323222306096,Naphthalene,NO,0000091203,91-20-3,13326.0,YES,TRI,NO,Non_Metal,YES,NO,NO,A,Pounds,0.0,0.0,0.0,0.0,0.0,0.0,0.0,0.0,0.0,0.0,0.0,0.0,0.0,0.0,0.0,0.0,0.0,0.0,0.0,0.0,0.0,0.0,0.0,0.0,0.0,0.0,0.0,0.0,0.0,0.0,0.0,0.0,0.0,0.0,0.0,0.0,0.0,0.0,0.0,0.0,0.0,0.0,0.0,0.0,0.0,0.0,0.0,0.0,0.0,0.0,0.0,0.0,0.0,0.0,0.0,0.0,0.0,0.0,0.0,0.0,0.0,0.0,0.0,0.0,0.0,0.0,0.0,0.0,0.0,0.0,,0.0
2023,00821VRGNSESTAT,110000602866.0,VIRGIN ISLANDS WATER & POWER AUTHORITY,ESTATE RICHMOND,CHRISTIANSTED,ST. CROIX ISLAND,VI,821,,,17.750141,-64.714793,NAD83,VIRGIN ISLANDS WATER & POWER AUTHORITY,,VIRGIN ISLANDS WATER & POWER AUTHORITY,,,,NO,2211,Electric Utilities,,,,,,,221112,,,,,,1323222139077,n-Hexane,NO,0000110543,110-54-3,26740.0,YES,TRI,NO,Non_Metal,NO,NO,NO,R,Pounds,0.0,4.0,5.69,0.0,0.0,0.0,0.0,0.0,0.0,0.0,0.0,0.0,0.0,0.0,9.69,0.0,0.0,0.0,0.0,0.0,0.0,0.0,0.0,0.0,0.0,0.0,0.0,0.0,0.0,0.0,0.0,0.0,0.0,0.0,0.0,0.0,0.0,0.0,0.0,0.0,0.0,0.0,0.0,0.0,0.0,0.0,0.0,0.0,0.0,0.0,0.0,0.0,0.0,0.0,0.0,0.0,9.69,0.0,0.0,9.69,0.0,0.0,0.0,0.0,0.0,0.0,0.0,0.0,9.69,,PRODUCTION,1.08
